epoch,lr,train_loss,val_loss,val_iou,val_dice,val_precision,val_recall,val_macro_dice_present,val_macro_iou_present,val_macro_recall_present,val_micro_dice,val_n_classes_present,val_dice_crack,val_dice_spalling,val_dice_corrosion,val_dice_moisture,val_dice_delamination,val_dice_surface,seconds
0,2.9999999999999997e-05,0.7818093628013573,0.8237407681394796,0.20494654687928393,0.3401753337690859,0.2960507607833353,0.3997566400003626,0.2872796832747086,0.1786826575171391,0.3810975099810145,0.3401753337690859,6.0,8.768580313413603e-06,0.4341072749728426,0.4706986051218911,0.12462504082436089,0.37330513845809643,0.3209332716907473,2227.6
1,0.000165,0.7470205989688441,0.7937150851624911,0.24420033892217202,0.3925418299334628,0.3360522445033292,0.4718604532089751,0.3520208069540862,0.22039947132709278,0.44541126558734007,0.3925418299334628,6.0,0.23551757540454402,0.45533121319238995,0.47977314111693486,0.13001429758764363,0.40169603663937314,0.4097925777836317,2411.6
2,0.0003,0.7355137372068475,0.7731376541931121,0.267123328684573,0.4216216727094422,0.364158632792639,0.5006174704041955,0.4176005388911517,0.26841229965271374,0.5069647603661783,0.4216216727094422,6.0,0.3689097336848685,0.47389681108219384,0.507006110043184,0.23794633032234033,0.5159354131460174,0.4019088350683061,4643.8
3,0.00029278083615353516,0.7255050260039139,0.7704449884715627,0.27615639600177255,0.4327939692454262,0.34552875549153994,0.5790316378822168,0.42093087583471794,0.26839888138932216,0.5730384496276227,0.4327939692454262,6.0,0.38889719167730463,0.4789778651589515,0.4642259872819114,0.29996459376764983,0.43617546234459753,0.457344154777893,2117.3
4,0.00027183000667030475,0.7117184869316557,0.7664832973577937,0.2814214203613081,0.43923320757656575,0.39881692425843307,0.48876485381908347,0.42118701166208455,0.2744678411082776,0.508717406523286,0.43923320757656575,6.0,0.29352826455332665,0.5120038853005661,0.498569432711442,0.2050954583494525,0.546313909937939,0.47161111911978093,2094.6
5,0.00023919832471313977,0.7014346894894733,0.7517807114808286,0.3189653864732406,0.4836599803822248,0.43711810969543397,0.5412939017914253,0.47624782061802623,0.31943343122182216,0.5328518353341788,0.4836599803822248,6.0,0.4791973223059908,0.5186901255731167,0.5470056390258424,0.23427296892098204,0.5953151804915369,0.4830056873906884,2207.7
6,0.00019808000667030474,0.6896359758920264,0.7544370100634997,0.3095925911893672,0.4728074872631898,0.40233664511268036,0.5732069303667059,0.46793064556353653,0.31045210013887653,0.5848672465640566,0.4728074872631898,6.0,0.4118919135678224,0.5202693719867201,0.5138712928670377,0.27631745716889594,0.5707705920495435,0.5144632457411996,2191.3
7,0.0001525,0.6806981205682404,0.7635118304217448,0.32426311969500193,0.48972611994160903,0.4891757942187534,0.49027768529858406,0.49268900126053355,0.3338534771109421,0.5179780109328269,0.48972611994160903,6.0,0.44740248693505186,0.5314039932118734,0.5948120784492589,0.27594134279436106,0.613969438732381,0.49260466744027515,2221.5
8,0.00010691999332969526,0.6719687263958731,0.7388768374431328,0.3418871435513413,0.5095616948032269,0.4638013442792027,0.565340247902417,0.5182715114202335,0.35611313751894674,0.5832933928424545,0.5095616948032269,6.0,0.5341727558688165,0.5371029403487452,0.578751393936503,0.29627195711225063,0.6336488012716416,0.5296812199834445,2198.0
9,6.580167528686022e-05,0.6641319702749383,0.7249276232523997,0.3430390963050204,0.5108400749446419,0.4234758465621146,0.6436208137245945,0.5070726792615021,0.34567808445823567,0.6457656105174597,0.5108400749446419,6.0,0.4579009659618447,0.5240199615971309,0.5901802224841796,0.3029451337913777,0.6062982491025886,0.5610915426318912,2274.4
10,3.3169993329695266e-05,0.6604101555890631,0.7191460696888752,0.3399811105576756,0.5074416465709456,0.3991332564874093,0.696422006060267,0.5056293840635023,0.34378117245976475,0.6954668967820049,0.5074416465709456,6.0,0.46097920380062074,0.520265919458621,0.5889540872959046,0.3099044675727697,0.5879821957180491,0.5656904305350486,2142.1
11,1.2219163846464854e-05,0.6562562057072943,0.7179018547300433,0.35025258684964505,0.5187956538810865,0.42160269863738775,0.6742265057439367,0.5136926304401338,0.35100875149587024,0.6842428309196346,0.5187956538810865,6.0,0.46083754375911856,0.537716512818902,0.5895641606623828,0.32231136657673876,0.5984043374252134,0.573321861398447,2136.9
12,0.0003,0.6821765610960291,0.7501091182720466,0.32070453639131125,0.48565674994590885,0.4042479476078055,0.6081224885027459,0.46270841818162395,0.30498245445483135,0.6166054653964425,0.48565674994590885,6.0,0.4262940555919525,0.515587858135885,0.49179040389855494,0.28488686516063383,0.5080815434443742,0.5496097828583434,2137.1
13,0.00029278083615353516,0.6779020932310335,0.7528071569614723,0.3078124839102894,0.47072877449517314,0.38245510301149777,0.6119781966014426,0.4628198939604256,0.3096141647453323,0.6311702901111707,0.47072877449517314,6.0,0.2695918093259052,0.5314744752370051,0.5509636846214576,0.2979393877624939,0.5758543005315087,0.5510957062841835,2134.5
14,0.00027183000667030475,0.6729019166113407,0.7258107034397907,0.35320332808151206,0.522025509030135,0.4344502241278069,0.6538209416482282,0.5107745948493805,0.34782283068988695,0.612725085557027,0.522025509030135,6.0,0.46175349887858774,0.538336703624984,0.5743085351813518,0.32842232950486233,0.5985271008984816,0.5632994010080155,2136.4
15,0.00023919832471313977,0.6657407421513951,0.7318754359835484,0.33892434848990977,0.5062636270259206,0.424495882586422,0.6270475086689362,0.5021359343046453,0.34053795852880403,0.6397687997766855,0.5062636270259206,6.0,0.4271645243457614,0.5562031882883505,0.5797769527975367,0.31985568416858706,0.5845449867902063,0.5452702694374296,2135.9
16,0.00019808000667030474,0.6612138120536762,0.7429107908831268,0.35063107437033203,0.5192107319666063,0.4766872283165163,0.5700640349985701,0.5140630858528376,0.35029137593003995,0.5908622641847442,0.5192107319666063,6.0,0.49254176520858306,0.5612396863582692,0.6013590582411326,0.3331645672776742,0.5603265259181011,0.5357469121132651,2137.6
17,0.0001525,0.6536535920517516,0.7330768339213778,0.3624501844596956,0.5320564209889727,0.4660826519956676,0.6197869586024646,0.5283184382953149,0.3635814774852684,0.6089795814128748,0.5320564209889727,6.0,0.5105497109442682,0.5522874228011977,0.5888917704140038,0.3412357682350445,0.6045763576210582,0.5723695997563168,2135.1
18,0.00010691999332969526,0.648004898379497,0.7101809946728534,0.3391949885522496,0.5065654986044112,0.3884753632770011,0.7278068317054357,0.49812307615960444,0.33773687334353064,0.7249135871599375,0.5065654986044112,6.0,0.4058451305260163,0.5251810231582309,0.5967124315681795,0.3132626355943634,0.5753443755147755,0.5723928605960608,2136.7
19,6.580167528686022e-05,0.6425335886586718,0.7229022068566964,0.3646041579057606,0.5343735116054661,0.4528654550817305,0.6516614572822053,0.5279682417207042,0.3640638405282491,0.6444382294317413,0.5343735116054661,6.0,0.4662503836485756,0.5517303692949292,0.5940655956142283,0.34799645952382885,0.6318268388766553,0.5759398033660079,2139.7
20,3.3169993329695266e-05,0.6411184647698667,0.7077113294699153,0.3675943964798449,0.5375780968772964,0.43636894031678075,0.6999120892214516,0.534807378414908,0.37070762490752984,0.6861570260080964,0.5375780968772964,6.0,0.5117629292481023,0.5605717463304074,0.5911845614484167,0.3304525569039947,0.6330433878673191,0.581829088691208,2137.4
21,1.2219163846464854e-05,0.6365828034253798,0.7220585866541159,0.37159092349784134,0.5418392862358806,0.4669348688564178,0.6453673563026221,0.5396906668071206,0.3750874210297989,0.6409848155009475,0.5418392862358806,6.0,0.5169141212274827,0.5662539397980332,0.6043686806821863,0.3395233763449577,0.6318741750933909,0.5792097076966728,2139.5
22,0.0003,0.6594206281419959,0.7177427980254908,0.32726749139408456,0.49314474062849506,0.3777939645334974,0.7098949976921999,0.482082216607181,0.3259583903887378,0.7145200449149689,0.49314474062849506,6.0,0.3358203326505586,0.5162635213071485,0.5761565140466526,0.2898627358746499,0.6080318261687604,0.5663583695953159,2138.1
23,0.00029278083615353516,0.6612419256522832,0.7349621167436975,0.35784183333107505,0.5270743978379467,0.4875711612944505,0.5735431215819773,0.5178165918381649,0.3534578740195067,0.5739059782595393,0.5270743978379467,6.0,0.523398960970743,0.5267170064168537,0.5907637475047163,0.33549110544127214,0.5706076765520317,0.5599210541433723,2133.9
24,0.00027183000667030475,0.6591725644054565,0.7226657156572968,0.3389066611748978,0.5062438943690151,0.4094638982223944,0.6629333875633611,0.5043515567032545,0.3421678760677984,0.6758335299643193,0.5062438943690151,6.0,0.4151825324894382,0.5361741537372908,0.6031004168254916,0.34641519707576013,0.5850150398483107,0.5402220002432352,2134.3
25,0.00023919832471313977,0.6536945875978504,0.7374879410032367,0.3545590708709875,0.5235047750896599,0.4428663479759009,0.6400463203943314,0.5279102687636336,0.36417680444229444,0.636448801706081,0.5235047750896599,6.0,0.4974221697247195,0.5695920036430809,0.5808650848762031,0.3277701140414849,0.6300241732812698,0.561788067015043,2132.4
26,0.00019808000667030474,0.6337100018806912,0.764325277482877,0.32512063212861747,0.49070344879674455,0.4514711026410972,0.537403200482133,0.48210872568717117,0.3231204544446414,0.5368432990068817,0.49070344879674455,6.0,0.36957855948663587,0.5176145071884002,0.5868656521916927,0.32225312425513475,0.5646902162021955,0.5316502947989677,2132.4
27,0.0001525,0.6128060450163691,0.772739513609253,0.34239820696515316,0.5101291184517224,0.4394273726055485,0.607944449592357,0.5105992999311997,0.34811154658142457,0.5924399363832192,0.5101291184517224,6.0,0.4916844621867192,0.554706707768181,0.5847859458216351,0.302499708429428,0.5731155264454855,0.5568034489357494,2124.9
28,0.00010691999332969526,0.601089052536888,0.8180815605599372,0.3525061788350338,0.5212636871480485,0.45849030907548327,0.6039528013740011,0.5135987218353532,0.3500804208505981,0.6156844069924797,0.5212636871480485,6.0,0.47232362516603377,0.5439299459761657,0.5758101683843333,0.33266931754833917,0.587923065557705,0.5689362083795423,2122.0
29,6.580167528686022e-05,0.590986595208815,0.749598784280605,0.34462103516059,0.5125920629665465,0.43986206380041987,0.6141381383529502,0.5071454196973164,0.3455652126902982,0.6235306444017078,0.5125920629665465,6.0,0.45489514883057275,0.546930507909719,0.5960427907899984,0.30226271080206607,0.5804917358461152,0.5622496240054271,2128.8
